model,mape
<<<<<<< HEAD
svr,0.0750745719138665
=======
svr,0.07507454635283628
>>>>>>> 8c87f7683e8a441a25808288e9e0fe4bf0acea9c
