model,mape
<<<<<<< HEAD
light_gbm,0.033524827382454665
=======
light_gbm,0.033524831530312285
>>>>>>> 8c87f7683e8a441a25808288e9e0fe4bf0acea9c
