model,mape
<<<<<<< HEAD
catboost,0.03250938598412834
=======
catboost,0.0325443058139419
>>>>>>> 0dcaf9a3cfc9c1fec7c3d4c46d49da5f75bd3a6b
