model,mape
<<<<<<< HEAD
knn,0.036608023074613534
=======
knn,0.03660802528344276
>>>>>>> 8c87f7683e8a441a25808288e9e0fe4bf0acea9c
