model,mape
<<<<<<< HEAD
svr,0.07466958199294628
=======
svr,0.07507453785244626
>>>>>>> 0dcaf9a3cfc9c1fec7c3d4c46d49da5f75bd3a6b
