model,mape
<<<<<<< HEAD
decision_tree,0.02861988775719857
=======
decision_tree,0.028619896772950515
>>>>>>> 8c87f7683e8a441a25808288e9e0fe4bf0acea9c
