model,mape
<<<<<<< HEAD
catboost,0.03254430324807709
=======
catboost,0.03254431179677693
>>>>>>> 8c87f7683e8a441a25808288e9e0fe4bf0acea9c
