model,mape
<<<<<<< HEAD
linear_regression,0.014345020730962745
=======
linear_regression,0.014345020678176217
>>>>>>> 8c87f7683e8a441a25808288e9e0fe4bf0acea9c
