model,mape
<<<<<<< HEAD
knn,0.036449465613953735
=======
knn,0.03660802320795542
>>>>>>> 0dcaf9a3cfc9c1fec7c3d4c46d49da5f75bd3a6b
