model,mape
<<<<<<< HEAD
random_forest,0.029310842584267267
=======
random_forest,0.029364866005931557
>>>>>>> 8c87f7683e8a441a25808288e9e0fe4bf0acea9c
