model,mape
<<<<<<< HEAD
xgboost,0.02843803950719404
=======
xgboost,0.028438042516334184
>>>>>>> 8c87f7683e8a441a25808288e9e0fe4bf0acea9c
