model,mape
<<<<<<< HEAD
light_gbm,0.053477249311474656
=======
light_gbm,0.051715290763715886
>>>>>>> 0dcaf9a3cfc9c1fec7c3d4c46d49da5f75bd3a6b
