model,mape
<<<<<<< HEAD
svr,0.10572177465962557
=======
svr,0.10342198040808034
>>>>>>> 0dcaf9a3cfc9c1fec7c3d4c46d49da5f75bd3a6b
