model,mape
<<<<<<< HEAD
knn,0.0520953505637136
=======
knn,0.0504089998070983
>>>>>>> 0dcaf9a3cfc9c1fec7c3d4c46d49da5f75bd3a6b
