model,mape
<<<<<<< HEAD
catboost,0.05354283265704111
=======
catboost,0.05151759868489768
>>>>>>> 0dcaf9a3cfc9c1fec7c3d4c46d49da5f75bd3a6b
