model,mape
<<<<<<< HEAD
ridge,0.025981087880621496
=======
ridge,0.025981088254496625
>>>>>>> 8c87f7683e8a441a25808288e9e0fe4bf0acea9c
