model,mape
<<<<<<< HEAD
ridge,0.025897703906004748
=======
ridge,0.025981088254496625
>>>>>>> 0dcaf9a3cfc9c1fec7c3d4c46d49da5f75bd3a6b
