model,mape
<<<<<<< HEAD
svr,0.022005305226693923
=======
svr,0.02201889721227676
>>>>>>> 0dcaf9a3cfc9c1fec7c3d4c46d49da5f75bd3a6b
