model,mape
<<<<<<< HEAD
random_forest,0.015533628105764138
=======
random_forest,0.015565255778328114
>>>>>>> 8c87f7683e8a441a25808288e9e0fe4bf0acea9c
