model,mape
<<<<<<< HEAD
svr,0.022018962268791492
=======
svr,0.02201884252620356
>>>>>>> 8c87f7683e8a441a25808288e9e0fe4bf0acea9c
