model,mape
<<<<<<< HEAD
light_gbm,0.015401552201325688
=======
light_gbm,0.015401552346067722
>>>>>>> 8c87f7683e8a441a25808288e9e0fe4bf0acea9c
