model,mape
<<<<<<< HEAD
ridge,0.013197787069530911
=======
ridge,0.013197786546831862
>>>>>>> 8c87f7683e8a441a25808288e9e0fe4bf0acea9c
