model,mape
<<<<<<< HEAD
xgboost,0.01622914014144812
=======
xgboost,0.016229142837349775
>>>>>>> 8c87f7683e8a441a25808288e9e0fe4bf0acea9c
