model,mape
<<<<<<< HEAD
ridge,0.01322800766772808
=======
ridge,0.013197792025160611
>>>>>>> 0dcaf9a3cfc9c1fec7c3d4c46d49da5f75bd3a6b
