model,mape
<<<<<<< HEAD
knn,0.014928586857743679
=======
knn,0.014928586216838319
>>>>>>> 8c87f7683e8a441a25808288e9e0fe4bf0acea9c
