model,mape
<<<<<<< HEAD
decision_tree,0.020258659412142634
=======
decision_tree,0.02025866030796761
>>>>>>> 8c87f7683e8a441a25808288e9e0fe4bf0acea9c
