model,mape
<<<<<<< HEAD
catboost,0.01409253973702753
=======
catboost,0.014092538307822172
>>>>>>> 8c87f7683e8a441a25808288e9e0fe4bf0acea9c
