model,mape
<<<<<<< HEAD
svr,0.09528228754425618
=======
svr,0.09528229608672013
>>>>>>> 8c87f7683e8a441a25808288e9e0fe4bf0acea9c
