model,mape
<<<<<<< HEAD
xgboost,0.01716364782169569
=======
xgboost,0.01716364578850341
>>>>>>> 8c87f7683e8a441a25808288e9e0fe4bf0acea9c
