model,mape
<<<<<<< HEAD
ridge,0.013843613853090636
=======
ridge,0.01384361369836826
>>>>>>> 8c87f7683e8a441a25808288e9e0fe4bf0acea9c
