model,mape
<<<<<<< HEAD
catboost,0.01866542976865167
=======
catboost,0.018665430202515033
>>>>>>> 8c87f7683e8a441a25808288e9e0fe4bf0acea9c
