model,mape
<<<<<<< HEAD
linear_regression,0.013843613676028991
=======
linear_regression,0.01384361352130657
>>>>>>> 8c87f7683e8a441a25808288e9e0fe4bf0acea9c
