model,mape
<<<<<<< HEAD
decision_tree,0.018271741908035915
=======
decision_tree,0.018271735774568375
>>>>>>> 8c87f7683e8a441a25808288e9e0fe4bf0acea9c
