model,mape
<<<<<<< HEAD
svr,0.09429483589353573
=======
svr,0.09528229180878622
>>>>>>> 0dcaf9a3cfc9c1fec7c3d4c46d49da5f75bd3a6b
