model,mape
<<<<<<< HEAD
random_forest,0.01576987823932845
=======
random_forest,0.015767287548525664
>>>>>>> 8c87f7683e8a441a25808288e9e0fe4bf0acea9c
