model,mape
<<<<<<< HEAD
light_gbm,0.015357674432999681
=======
light_gbm,0.015305830320069599
>>>>>>> 0dcaf9a3cfc9c1fec7c3d4c46d49da5f75bd3a6b
