model,mape
<<<<<<< HEAD
knn,0.017765580629839968
=======
knn,0.01776558071552709
>>>>>>> 8c87f7683e8a441a25808288e9e0fe4bf0acea9c
