model,mape
<<<<<<< HEAD
light_gbm,0.015305827455303872
=======
light_gbm,0.015305827451637354
>>>>>>> 8c87f7683e8a441a25808288e9e0fe4bf0acea9c
