model,mape
<<<<<<< HEAD
random_forest,0.021482687946199418
=======
random_forest,0.021499421373677254
>>>>>>> 8c87f7683e8a441a25808288e9e0fe4bf0acea9c
