model,mape
<<<<<<< HEAD
light_gbm,0.02161868930689068
=======
light_gbm,0.021394728208447573
>>>>>>> 0dcaf9a3cfc9c1fec7c3d4c46d49da5f75bd3a6b
