model,mape
<<<<<<< HEAD
knn,0.026098317740597607
=======
knn,0.026098318871042674
>>>>>>> 8c87f7683e8a441a25808288e9e0fe4bf0acea9c
