model,mape
<<<<<<< HEAD
ridge,0.019598790523214563
=======
ridge,0.01941249938897691
>>>>>>> 0dcaf9a3cfc9c1fec7c3d4c46d49da5f75bd3a6b
