model,mape
<<<<<<< HEAD
catboost,0.024264173661213407
=======
catboost,0.023959551076677806
>>>>>>> 0dcaf9a3cfc9c1fec7c3d4c46d49da5f75bd3a6b
