model,mape
<<<<<<< HEAD
svr,0.06611151243581595
=======
svr,0.06719249320395568
>>>>>>> 0dcaf9a3cfc9c1fec7c3d4c46d49da5f75bd3a6b
