model,mape
<<<<<<< HEAD
knn,0.026160487293432785
=======
knn,0.026098318879990416
>>>>>>> 0dcaf9a3cfc9c1fec7c3d4c46d49da5f75bd3a6b
