model,mape
<<<<<<< HEAD
catboost,0.02395955043787145
=======
catboost,0.0239595507043451
>>>>>>> 8c87f7683e8a441a25808288e9e0fe4bf0acea9c
