model,mape
<<<<<<< HEAD
decision_tree,0.024382943761084623
=======
decision_tree,0.024924685295071938
>>>>>>> 8c87f7683e8a441a25808288e9e0fe4bf0acea9c
