model,mape
<<<<<<< HEAD
ridge,0.019412498609513114
=======
ridge,0.019412498618559364
>>>>>>> 8c87f7683e8a441a25808288e9e0fe4bf0acea9c
