model,mape
<<<<<<< HEAD
xgboost,0.02241641157469792
=======
xgboost,0.022416414828912712
>>>>>>> 8c87f7683e8a441a25808288e9e0fe4bf0acea9c
