model,mape
<<<<<<< HEAD
linear_regression,0.019412497103430675
=======
linear_regression,0.01941249711247607
>>>>>>> 8c87f7683e8a441a25808288e9e0fe4bf0acea9c
