model,mape
<<<<<<< HEAD
light_gbm,0.02139472723412744
=======
light_gbm,0.021394727108509277
>>>>>>> 8c87f7683e8a441a25808288e9e0fe4bf0acea9c
