model,mape
<<<<<<< HEAD
ridge,0.018451113552735546
=======
ridge,0.01845111510840797
>>>>>>> 8c87f7683e8a441a25808288e9e0fe4bf0acea9c
