model,mape
<<<<<<< HEAD
linear_regression,0.018451113151318557
=======
linear_regression,0.018451114706991276
>>>>>>> 8c87f7683e8a441a25808288e9e0fe4bf0acea9c
