model,mape
<<<<<<< HEAD
knn,0.021385262377904165
=======
knn,0.021385262581785067
>>>>>>> 8c87f7683e8a441a25808288e9e0fe4bf0acea9c
