model,mape
<<<<<<< HEAD
light_gbm,0.020215840776551683
=======
light_gbm,0.020215840376893723
>>>>>>> 8c87f7683e8a441a25808288e9e0fe4bf0acea9c
