model,mape
<<<<<<< HEAD
svr,0.05123059878567048
=======
svr,0.05127259924382937
>>>>>>> 0dcaf9a3cfc9c1fec7c3d4c46d49da5f75bd3a6b
