model,mape
<<<<<<< HEAD
xgboost,0.02058538401701416
=======
xgboost,0.02058539678307314
>>>>>>> 8c87f7683e8a441a25808288e9e0fe4bf0acea9c
