model,mape
<<<<<<< HEAD
catboost,0.02084583596657559
=======
catboost,0.02084583416488549
>>>>>>> 8c87f7683e8a441a25808288e9e0fe4bf0acea9c
