model,mape
<<<<<<< HEAD
ridge,0.018047696375111024
=======
ridge,0.018451115793706716
>>>>>>> 0dcaf9a3cfc9c1fec7c3d4c46d49da5f75bd3a6b
