model,mape
<<<<<<< HEAD
decision_tree,0.026392505784076408
=======
decision_tree,0.02642203779907629
>>>>>>> 8c87f7683e8a441a25808288e9e0fe4bf0acea9c
