model,mape
<<<<<<< HEAD
knn,0.02103175146379676
=======
knn,0.021385263906657397
>>>>>>> 0dcaf9a3cfc9c1fec7c3d4c46d49da5f75bd3a6b
