model,mape
<<<<<<< HEAD
svr,0.051272592882758095
=======
svr,0.051272590350976324
>>>>>>> 8c87f7683e8a441a25808288e9e0fe4bf0acea9c
