model,mape
<<<<<<< HEAD
ridge,0.019330731474852283
=======
ridge,0.019330731659520824
>>>>>>> 8c87f7683e8a441a25808288e9e0fe4bf0acea9c
