model,mape
<<<<<<< HEAD
svr,0.12641238587960532
=======
svr,0.12777133319993786
>>>>>>> 0dcaf9a3cfc9c1fec7c3d4c46d49da5f75bd3a6b
