model,mape
<<<<<<< HEAD
light_gbm,0.024409675071032137
=======
light_gbm,0.02440967477012179
>>>>>>> 8c87f7683e8a441a25808288e9e0fe4bf0acea9c
