model,mape
<<<<<<< HEAD
xgboost,0.02371603449117244
=======
xgboost,0.026048327810394192
>>>>>>> 0dcaf9a3cfc9c1fec7c3d4c46d49da5f75bd3a6b
