model,mape
<<<<<<< HEAD
light_gbm,0.024149200039456763
=======
light_gbm,0.024409675071032137
>>>>>>> 0dcaf9a3cfc9c1fec7c3d4c46d49da5f75bd3a6b
