model,mape
<<<<<<< HEAD
xgboost,0.026048327810394192
=======
xgboost,0.026048329622489413
>>>>>>> 8c87f7683e8a441a25808288e9e0fe4bf0acea9c
