model,mape
<<<<<<< HEAD
catboost,0.026552685722150207
=======
catboost,0.026552685544456292
>>>>>>> 8c87f7683e8a441a25808288e9e0fe4bf0acea9c
