model,mape
<<<<<<< HEAD
ridge,0.019283219412174122
=======
ridge,0.019330731474851197
>>>>>>> 0dcaf9a3cfc9c1fec7c3d4c46d49da5f75bd3a6b
