model,mape
<<<<<<< HEAD
svr,0.12777133319993786
=======
svr,0.12777133298834104
>>>>>>> 8c87f7683e8a441a25808288e9e0fe4bf0acea9c
