model,mape
<<<<<<< HEAD
catboost,0.018300843651513292
=======
catboost,0.01810181951961325
>>>>>>> 0dcaf9a3cfc9c1fec7c3d4c46d49da5f75bd3a6b
