model,mape
<<<<<<< HEAD
light_gbm,0.017106587669392735
=======
light_gbm,0.01710658458239955
>>>>>>> 8c87f7683e8a441a25808288e9e0fe4bf0acea9c
