model,mape
<<<<<<< HEAD
xgboost,0.01806330182443004
=======
xgboost,0.01778396410956932
>>>>>>> 0dcaf9a3cfc9c1fec7c3d4c46d49da5f75bd3a6b
