model,mape
<<<<<<< HEAD
ridge,0.011507680546681118
=======
ridge,0.01150382145446058
>>>>>>> 0dcaf9a3cfc9c1fec7c3d4c46d49da5f75bd3a6b
