model,mape
<<<<<<< HEAD
linear_regression,0.011503847694621412
=======
linear_regression,0.011503843861973529
>>>>>>> 8c87f7683e8a441a25808288e9e0fe4bf0acea9c
