model,mape
<<<<<<< HEAD
knn,0.017478995519459403
=======
knn,0.017263911345198932
>>>>>>> 0dcaf9a3cfc9c1fec7c3d4c46d49da5f75bd3a6b
