model,mape
<<<<<<< HEAD
knn,0.017263910885996762
=======
knn,0.017263913369642708
>>>>>>> 8c87f7683e8a441a25808288e9e0fe4bf0acea9c
