model,mape
<<<<<<< HEAD
ridge,0.011503822837736643
=======
ridge,0.011503819005502373
>>>>>>> 8c87f7683e8a441a25808288e9e0fe4bf0acea9c
