model,mape
<<<<<<< HEAD
light_gbm,0.017355894427377484
=======
light_gbm,0.017106583277083278
>>>>>>> 0dcaf9a3cfc9c1fec7c3d4c46d49da5f75bd3a6b
