model,mape
<<<<<<< HEAD
svr,0.04289734103139202
=======
svr,0.04289757369845222
>>>>>>> 8c87f7683e8a441a25808288e9e0fe4bf0acea9c
