model,mape
<<<<<<< HEAD
svr,0.04379191720850897
=======
svr,0.04289815983278724
>>>>>>> 0dcaf9a3cfc9c1fec7c3d4c46d49da5f75bd3a6b
