model,mape
<<<<<<< HEAD
random_forest,0.015493193284157932
=======
random_forest,0.015486780700438418
>>>>>>> 8c87f7683e8a441a25808288e9e0fe4bf0acea9c
