model,mape
<<<<<<< HEAD
light_gbm,0.03060727879059141
=======
light_gbm,0.030032817545462998
>>>>>>> 0dcaf9a3cfc9c1fec7c3d4c46d49da5f75bd3a6b
