model,mape
<<<<<<< HEAD
svr,0.11380662087725715
=======
svr,0.11225214480810572
>>>>>>> 0dcaf9a3cfc9c1fec7c3d4c46d49da5f75bd3a6b
