model,mape
<<<<<<< HEAD
knn,0.02921299989868077
=======
knn,0.028412549767203227
>>>>>>> 0dcaf9a3cfc9c1fec7c3d4c46d49da5f75bd3a6b
