model,mape
<<<<<<< HEAD
ridge,0.015118744090309144
=======
ridge,0.015118744498628166
>>>>>>> 8c87f7683e8a441a25808288e9e0fe4bf0acea9c
