model,mape
<<<<<<< HEAD
knn,0.02837420041118821
=======
knn,0.02841255006188453
>>>>>>> 8c87f7683e8a441a25808288e9e0fe4bf0acea9c
