model,mape
<<<<<<< HEAD
xgboost,0.02952508219871993
=======
xgboost,0.029525077105248414
>>>>>>> 8c87f7683e8a441a25808288e9e0fe4bf0acea9c
