model,mape
<<<<<<< HEAD
light_gbm,0.030032817533293468
=======
light_gbm,0.030032817133768333
>>>>>>> 8c87f7683e8a441a25808288e9e0fe4bf0acea9c
