model,mape
<<<<<<< HEAD
ridge,0.015140056241578638
=======
ridge,0.015118744206345474
>>>>>>> 0dcaf9a3cfc9c1fec7c3d4c46d49da5f75bd3a6b
