model,mape
<<<<<<< HEAD
linear_regression,0.015118746803777373
=======
linear_regression,0.015118747212099281
>>>>>>> 8c87f7683e8a441a25808288e9e0fe4bf0acea9c
