model,mape
<<<<<<< HEAD
svr,0.11225214309808877
=======
svr,0.11225212606455368
>>>>>>> 8c87f7683e8a441a25808288e9e0fe4bf0acea9c
