model,mape
<<<<<<< HEAD
svr,0.3312961361452002
=======
svr,0.3312623422153207
>>>>>>> 0dcaf9a3cfc9c1fec7c3d4c46d49da5f75bd3a6b
