model,mape
<<<<<<< HEAD
light_gbm,0.08711869259447813
=======
light_gbm,0.08711869401936172
>>>>>>> 8c87f7683e8a441a25808288e9e0fe4bf0acea9c
