model,mape
<<<<<<< HEAD
ridge,0.018010723592464906
=======
ridge,0.018010721848359643
>>>>>>> 8c87f7683e8a441a25808288e9e0fe4bf0acea9c
