model,mape
<<<<<<< HEAD
catboost,0.08521925272325757
=======
catboost,0.09163018019389042
>>>>>>> 0dcaf9a3cfc9c1fec7c3d4c46d49da5f75bd3a6b
