model,mape
<<<<<<< HEAD
linear_regression,0.018010723962788477
=======
linear_regression,0.018010722218679293
>>>>>>> 8c87f7683e8a441a25808288e9e0fe4bf0acea9c
