model,mape
<<<<<<< HEAD
xgboost,0.10558300395085682
=======
xgboost,0.10426914096857981
>>>>>>> 0dcaf9a3cfc9c1fec7c3d4c46d49da5f75bd3a6b
