model,mape
<<<<<<< HEAD
svr,0.3312623346084199
=======
svr,0.33126237762875155
>>>>>>> 8c87f7683e8a441a25808288e9e0fe4bf0acea9c
