model,mape
<<<<<<< HEAD
xgboost,0.10426905181303714
=======
xgboost,0.10426920770742494
>>>>>>> 8c87f7683e8a441a25808288e9e0fe4bf0acea9c
