model,mape
<<<<<<< HEAD
catboost,0.0916301803112372
=======
catboost,0.09163018043134122
>>>>>>> 8c87f7683e8a441a25808288e9e0fe4bf0acea9c
