model,mape
<<<<<<< HEAD
svr,1.155842449740659
=======
svr,1.155842363610259
>>>>>>> 8c87f7683e8a441a25808288e9e0fe4bf0acea9c
