model,mape
<<<<<<< HEAD
light_gbm,0.34588256144002444
=======
light_gbm,0.3463426764764911
>>>>>>> 8c87f7683e8a441a25808288e9e0fe4bf0acea9c
