model,mape
<<<<<<< HEAD
catboost,0.3361582737172268
=======
catboost,0.33615827350077204
>>>>>>> 8c87f7683e8a441a25808288e9e0fe4bf0acea9c
