model,mape
<<<<<<< HEAD
linear_regression,0.02564314055025693
=======
linear_regression,0.025643139573056535
>>>>>>> 8c87f7683e8a441a25808288e9e0fe4bf0acea9c
