model,mape
<<<<<<< HEAD
xgboost,0.3362256582707292
=======
xgboost,0.3362256604229563
>>>>>>> 8c87f7683e8a441a25808288e9e0fe4bf0acea9c
