model,mape
<<<<<<< HEAD
svr,1.1592459301836355
=======
svr,1.1558424002646128
>>>>>>> 0dcaf9a3cfc9c1fec7c3d4c46d49da5f75bd3a6b
