model,mape
<<<<<<< HEAD
ridge,0.02569588585507203
=======
ridge,0.025643139253471687
>>>>>>> 0dcaf9a3cfc9c1fec7c3d4c46d49da5f75bd3a6b
